paper,pair,cosine_mean,cosine_std,jaccard_mean,jaccard_std,n_comparisons
A+microwave-based+method+for+nucleic+acid+isolation+from+environmental+samples_,baseline_vs_few_shot,0.7906854550043741,0.042979749043398824,0.3847317830967134,0.18801094087709924,9
A+microwave-based+method+for+nucleic+acid+isolation+from+environmental+samples_,baseline_vs_cot,0.8019521368874444,0.048731654755230426,0.3626536199623824,0.19221371357423464,9
A+microwave-based+method+for+nucleic+acid+isolation+from+environmental+samples_,few_shot_vs_cot,0.8794033527374268,0.04236998560758399,0.6046023460655229,0.1634071042277366,9
Application+of+T.+pubescens+in+Large+Scale+Waste+Treatment_,baseline_vs_few_shot,0.920587850941552,0.02353796426346725,0.568092811736283,0.10631928812033989,9
Application+of+T.+pubescens+in+Large+Scale+Waste+Treatment_,baseline_vs_cot,0.9050003157721626,0.0354090599405714,0.535018227139505,0.08153567311253347,9
Application+of+T.+pubescens+in+Large+Scale+Waste+Treatment_,few_shot_vs_cot,0.9273536801338196,0.02348127986157267,0.6262418109647478,0.08425905732216256,9
Azo+dye+_28direct+blue_29+decolorization+by+immobilized+extracellular+enzymes+of+Pleurotus+species_,baseline_vs_few_shot,0.8985141979323493,0.023923586824617437,0.5200513187753019,0.07955412624049929,9
Azo+dye+_28direct+blue_29+decolorization+by+immobilized+extracellular+enzymes+of+Pleurotus+species_,baseline_vs_cot,0.9224328531159295,0.011415334962449187,0.6047517294733923,0.06792104642002872,9
Azo+dye+_28direct+blue_29+decolorization+by+immobilized+extracellular+enzymes+of+Pleurotus+species_,few_shot_vs_cot,0.9062603380944994,0.02692053802945381,0.616399010720702,0.08046043737666692,9
Biodegradation+of+azo+and+heterocyclic+dyes+by+Phanerochaete+chrysosporium_,baseline_vs_few_shot,0.9580174419615004,0.023332400050785893,0.6183683239206693,0.06674628340224166,9
Biodegradation+of+azo+and+heterocyclic+dyes+by+Phanerochaete+chrysosporium_,baseline_vs_cot,0.9481336143281724,0.017497326223356285,0.5944666415827325,0.05394668023224883,9
Biodegradation+of+azo+and+heterocyclic+dyes+by+Phanerochaete+chrysosporium_,few_shot_vs_cot,0.9511215753025479,0.015281957188129535,0.62865010043607,0.07981112586943784,9
Biodegradation+of+azo+dye+acid+red+B+under+high+salinity+condition_,baseline_vs_few_shot,0.8930903342035081,0.03479735338088137,0.4652604422395028,0.07696903207184562,9
Biodegradation+of+azo+dye+acid+red+B+under+high+salinity+condition_,baseline_vs_cot,0.8926953275998434,0.05253001144602445,0.51038895092961,0.11119322319153865,9
Biodegradation+of+azo+dye+acid+red+B+under+high+salinity+condition_,few_shot_vs_cot,0.9153982930713229,0.026581784044532607,0.45888044881277906,0.07724666227537694,9
Biodegradation+of+azo+dyes+by+white+rot+fungi_,baseline_vs_few_shot,0.9431020749939812,0.018409000565505113,0.6485755413846195,0.062022007067720146,9
Biodegradation+of+azo+dyes+by+white+rot+fungi_,baseline_vs_cot,0.9091697997517056,0.032305016073045034,0.5728650729093183,0.054516192390476816,9
Biodegradation+of+azo+dyes+by+white+rot+fungi_,few_shot_vs_cot,0.9336947864956326,0.03636198364351321,0.6866181464549753,0.139555758731648,9
Biodegradation+of+azo+dyes+in+the+absence+of+a+mediator_,baseline_vs_few_shot,0.9061154723167419,0.02687188928681729,0.38063842903661915,0.05793160121055334,9
Biodegradation+of+azo+dyes+in+the+absence+of+a+mediator_,baseline_vs_cot,0.91425930791431,0.032778891544842335,0.3371372246522384,0.03867754754532029,9
Biodegradation+of+azo+dyes+in+the+absence+of+a+mediator_,few_shot_vs_cot,0.8926297095086839,0.041162454427392435,0.35580461021717386,0.051691652244956324,9
Biodegradation+of+bioaccessible+textile+azo+dyes+by+Phanerochaete+chrysosporium_,baseline_vs_few_shot,0.8763732247882419,0.06417845291441863,0.4629006815088308,0.056243522979007386,9
Biodegradation+of+bioaccessible+textile+azo+dyes+by+Phanerochaete+chrysosporium_,baseline_vs_cot,0.8667944206131829,0.056218901451833225,0.460529781842663,0.03160269439789641,9
Biodegradation+of+bioaccessible+textile+azo+dyes+by+Phanerochaete+chrysosporium_,few_shot_vs_cot,0.9379112389352586,0.018932022291145535,0.639806023153109,0.0932176959822201,9
Biodegradation+of+triphenylmethane+dye+Malachite+Green+by+Sphingomonas+paucimobilis_,baseline_vs_few_shot,0.9562381505966187,0.014439352957629756,0.5729557261398766,0.07859453392628407,9
Biodegradation+of+triphenylmethane+dye+Malachite+Green+by+Sphingomonas+paucimobilis_,baseline_vs_cot,0.9297347731060452,0.023554202648341696,0.6060564628332137,0.0849196737140969,9
Biodegradation+of+triphenylmethane+dye+Malachite+Green+by+Sphingomonas+paucimobilis_,few_shot_vs_cot,0.9571201403935751,0.0120657646172183,0.6151232790009672,0.09492313874590845,9
Biological+decolorization+of+dye+solution+containing+malachite+green+by+Pandoraea+sp._,baseline_vs_few_shot,0.9439671172036065,0.020007356363461386,0.48837164614122774,0.03116100136718298,9
Biological+decolorization+of+dye+solution+containing+malachite+green+by+Pandoraea+sp._,baseline_vs_cot,0.9243275059594048,0.031600564821590606,0.5654780238958819,0.06876267524942907,9
Biological+decolorization+of+dye+solution+containing+malachite+green+by+Pandoraea+sp._,few_shot_vs_cot,0.9392437073919508,0.027926903275336725,0.5618069119534896,0.09554580505486521,9
Bioremediation+of+direct+blue+14+and+extracellular+ligninolytic+enzyme+production+by+white+rot+fungi_3A+Pleurotus+Spp._,baseline_vs_few_shot,0.931528283490075,0.02346188298492882,0.5359148485982007,0.05445757027738859,9
Bioremediation+of+direct+blue+14+and+extracellular+ligninolytic+enzyme+production+by+white+rot+fungi_3A+Pleurotus+Spp._,baseline_vs_cot,0.9504787060949538,0.024856189357914945,0.5535732135829119,0.08325579290627026,9
Bioremediation+of+direct+blue+14+and+extracellular+ligninolytic+enzyme+production+by+white+rot+fungi_3A+Pleurotus+Spp._,few_shot_vs_cot,0.9459101359049479,0.025705561269024294,0.7247396085112485,0.18868856222556643,9
Capacity+of+Irpexlacteus+and+Pleurotusostreatus+for+decolorization+of+chemically+different+dyes_,baseline_vs_few_shot,0.9187239607175192,0.02828879049222236,0.521033710389242,0.057832295031237574,9
Capacity+of+Irpexlacteus+and+Pleurotusostreatus+for+decolorization+of+chemically+different+dyes_,baseline_vs_cot,0.8930459154976739,0.033552540938199774,0.47504801170284217,0.05448331082270708,9
Capacity+of+Irpexlacteus+and+Pleurotusostreatus+for+decolorization+of+chemically+different+dyes_,few_shot_vs_cot,0.9340257777108086,0.02283540004664186,0.543647601872452,0.05195572461200327,9
Catalytic+behavior+and+detoxifying+ability+of+an+atypical+homotrimeric+laccase+from+the+thermophilic+strain+Scytalidium+thermophilum+on+selected+azo+and+triarylmethane+dyes_,baseline_vs_few_shot,0.8894900812043084,0.030826059744987578,0.494645438484671,0.08548096567624933,9
Catalytic+behavior+and+detoxifying+ability+of+an+atypical+homotrimeric+laccase+from+the+thermophilic+strain+Scytalidium+thermophilum+on+selected+azo+and+triarylmethane+dyes_,baseline_vs_cot,0.8860015935368009,0.05270809620383743,0.4806454209580891,0.06337737227051717,9
Catalytic+behavior+and+detoxifying+ability+of+an+atypical+homotrimeric+laccase+from+the+thermophilic+strain+Scytalidium+thermophilum+on+selected+azo+and+triarylmethane+dyes_,few_shot_vs_cot,0.9284578363100687,0.029249071585708452,0.5873539434266362,0.05802215812846413,9
Chemical+pretreatment+and+aerobic_E2_80_93anaerobic+degradation+of+textile+dye+wastewater_,baseline_vs_few_shot,0.9250055617756314,0.024788637772676887,0.5361472483133931,0.04819535518091352,9
Chemical+pretreatment+and+aerobic_E2_80_93anaerobic+degradation+of+textile+dye+wastewater_,baseline_vs_cot,0.9293803970019022,0.026137461577302772,0.568365508687198,0.05116419756935134,9
Chemical+pretreatment+and+aerobic_E2_80_93anaerobic+degradation+of+textile+dye+wastewater_,few_shot_vs_cot,0.9486112462149726,0.01914466353836491,0.6558412681367217,0.06954669063699263,9
Color+removal+from+molasses+wastewater+by+Aspergillus+niger_,baseline_vs_few_shot,0.8730390469233195,0.049195287698240504,0.6150429204639326,0.061934434372530954,9
Color+removal+from+molasses+wastewater+by+Aspergillus+niger_,baseline_vs_cot,0.8794611891110738,0.051086748944258464,0.5897219272245093,0.03756742419062509,9
Color+removal+from+molasses+wastewater+by+Aspergillus+niger_,few_shot_vs_cot,0.8902839223543803,0.03628577331558465,0.5913504275986461,0.0697882425397559,9
Comparison+of+two+bacterial+azoreductases+acquired+during+adaptation+to+growth+on+azo+dyes..._,baseline_vs_few_shot,0.7657711108525594,0.05737606306969033,0.3916359256680942,0.07719115309110185,9
Comparison+of+two+bacterial+azoreductases+acquired+during+adaptation+to+growth+on+azo+dyes..._,baseline_vs_cot,0.8587362236446805,0.03562801990614953,0.381173944839149,0.057813978253454516,9
Comparison+of+two+bacterial+azoreductases+acquired+during+adaptation+to+growth+on+azo+dyes..._,few_shot_vs_cot,0.7680172390407987,0.06206864044626419,0.3314320695865332,0.09648949453888993,9
Continuous+production+of+lignin+peroxidase+by+immobilized+Phanerochaete+chrysosporium+in+a+pilot+scale+bioreactor_,baseline_vs_few_shot,0.9448072248035007,0.01847961491827159,0.6996113018205715,0.06438813981670487,9
Continuous+production+of+lignin+peroxidase+by+immobilized+Phanerochaete+chrysosporium+in+a+pilot+scale+bioreactor_,baseline_vs_cot,0.9281828867064582,0.01527878708028821,0.7086828554248475,0.06185429320739292,9
Continuous+production+of+lignin+peroxidase+by+immobilized+Phanerochaete+chrysosporium+in+a+pilot+scale+bioreactor_,few_shot_vs_cot,0.9313601520326402,0.01089928214592398,0.7312237336063574,0.0719069325694889,9
Contribution+of+lignin+degrading+enzymes+in+decolourisation+and+degradation+of+reactive+textile+dyes_,baseline_vs_few_shot,0.9105185866355896,0.012943078901155642,0.532416758471595,0.11266055570415497,9
Contribution+of+lignin+degrading+enzymes+in+decolourisation+and+degradation+of+reactive+textile+dyes_,baseline_vs_cot,0.8948755727873908,0.0224340549177383,0.6083826308230236,0.15910921257999708,9
Contribution+of+lignin+degrading+enzymes+in+decolourisation+and+degradation+of+reactive+textile+dyes_,few_shot_vs_cot,0.9489626752005683,0.009355194261641147,0.7044492740536566,0.08499147239932814,9
Control+of+Pellet+Morphology+in+Fluidized+Bed+Reactor_,baseline_vs_few_shot,0.8453517688645257,0.04453724740691343,0.33018240096861173,0.09133812175623199,9
Control+of+Pellet+Morphology+in+Fluidized+Bed+Reactor_,baseline_vs_cot,0.8801913327640958,0.04516270401832725,0.37601345874363884,0.13442665662104936,9
Control+of+Pellet+Morphology+in+Fluidized+Bed+Reactor_,few_shot_vs_cot,0.8407063749101427,0.04158658141500447,0.4011630250284694,0.10885606623604485,9
Decolonization+of+diverse+industrial+dyes+by+some+Phlebia+spp.+and+their+comparison+with+Phaerochaetechrysosporium_,baseline_vs_few_shot,0.916670733027988,0.049289815034250666,0.5915556234292344,0.08985260272922983,9
Decolonization+of+diverse+industrial+dyes+by+some+Phlebia+spp.+and+their+comparison+with+Phaerochaetechrysosporium_,baseline_vs_cot,0.8692129320568509,0.035815691047852635,0.650781658064786,0.07685730204885657,9
Decolonization+of+diverse+industrial+dyes+by+some+Phlebia+spp.+and+their+comparison+with+Phaerochaetechrysosporium_,few_shot_vs_cot,0.8942241801155938,0.044317209684229815,0.6679258702907732,0.05719951307512404,9
Decoloration+of+a+carpet+dye+effluent+using+Trametes+versicolor_,baseline_vs_few_shot,0.902409189277225,0.025929151547743976,0.3949595116444295,0.02157412986803369,9
Decoloration+of+a+carpet+dye+effluent+using+Trametes+versicolor_,baseline_vs_cot,0.9176584747102525,0.03044855389906893,0.4305157890291222,0.08823268537522587,9
Decoloration+of+a+carpet+dye+effluent+using+Trametes+versicolor_,few_shot_vs_cot,0.9234329925643073,0.02829173843510931,0.4307545792882287,0.04668506341295105,9
Decolorization+and+degradation+of+synthetic+dyes+on+the+mycelium+of+Trametes+versicolor_,baseline_vs_few_shot,0.9183176557223002,0.03208733345031124,0.7953134128215208,0.06688579408834448,9
Decolorization+and+degradation+of+synthetic+dyes+on+the+mycelium+of+Trametes+versicolor_,baseline_vs_cot,0.9383048547638787,0.03241438928536492,0.8177046680741261,0.0595938037102447,9
Decolorization+and+degradation+of+synthetic+dyes+on+the+mycelium+of+Trametes+versicolor_,few_shot_vs_cot,0.9625365138053894,0.010949563331870308,0.9130434782608694,1.1775693440128312e-16,9
Decolorization+and+detoxification+of+textile+dyes+with+a+laccase+from+Trametes+hirsuta_,baseline_vs_few_shot,0.8540041976504855,0.035350461964695226,0.45796122217184887,0.04813531854317818,9
Decolorization+and+detoxification+of+textile+dyes+with+a+laccase+from+Trametes+hirsuta_,baseline_vs_cot,0.9049436847368876,0.06024933064973855,0.6307561742179352,0.08069027747531489,9
Decolorization+and+detoxification+of+textile+dyes+with+a+laccase+from+Trametes+hirsuta_,few_shot_vs_cot,0.8624913493792216,0.03494871822680253,0.4722817463360058,0.08745936490911181,9
Decolorization+and+detoxification+of+triphenylmethane+dyes+by+isolated+endophytic+fungus_2C+Bjerkandera+adusta+SWUSI4+under+non-nutritive+conditions_,baseline_vs_few_shot,0.9160066511895921,0.02366298472478119,0.5634400251378083,0.06002767252301612,9
Decolorization+and+detoxification+of+triphenylmethane+dyes+by+isolated+endophytic+fungus_2C+Bjerkandera+adusta+SWUSI4+under+non-nutritive+conditions_,baseline_vs_cot,0.9373704724841647,0.02702775412528732,0.7032294337764662,0.08781281904444103,9
Decolorization+and+detoxification+of+triphenylmethane+dyes+by+isolated+endophytic+fungus_2C+Bjerkandera+adusta+SWUSI4+under+non-nutritive+conditions_,few_shot_vs_cot,0.9167202711105347,0.017824940417465157,0.5719057713536341,0.059165845634034445,9
Decolorization+of+anthraquinone-type+dye+by+bilirubin+oxidase-producing+non+ligninolytic+fungus+Myrothecium+sp.+IMER1_,baseline_vs_few_shot,0.9489649269315932,0.01696464004396786,0.6463470757978597,0.11039614304381873,9
Decolorization+of+anthraquinone-type+dye+by+bilirubin+oxidase-producing+non+ligninolytic+fungus+Myrothecium+sp.+IMER1_,baseline_vs_cot,0.937305920653873,0.014974046157917597,0.5875135279782128,0.0858741429850639,9
Decolorization+of+anthraquinone-type+dye+by+bilirubin+oxidase-producing+non+ligninolytic+fungus+Myrothecium+sp.+IMER1_,few_shot_vs_cot,0.9364403022660149,0.011446008820013792,0.6054989990408526,0.0796907251690413,9
Decolorization+of+azo+dye+R016+in+different+reactors+by+immobilized+Irpex+lacteus_,baseline_vs_few_shot,0.9382912516593933,0.028293367208770688,0.5656582763670439,0.12680992578151556,9
Decolorization+of+azo+dye+R016+in+different+reactors+by+immobilized+Irpex+lacteus_,baseline_vs_cot,0.9003137283855014,0.025416087173957824,0.6674484420963295,0.040122176905504105,9
Decolorization+of+azo+dye+R016+in+different+reactors+by+immobilized+Irpex+lacteus_,few_shot_vs_cot,0.8948198424445258,0.02089521598325716,0.5585782487431389,0.06689687851285117,9
Decolorization+of+azo+dyes+and+simulated+dye+bath+wastewater+using+acclimatized+microbial+consortium--biostimulation+and+halo+tolerance_,baseline_vs_few_shot,0.9100592268837823,0.026893990847852503,0.6972578481624451,0.06749588070570105,9
Decolorization+of+azo+dyes+and+simulated+dye+bath+wastewater+using+acclimatized+microbial+consortium--biostimulation+and+halo+tolerance_,baseline_vs_cot,0.9374053345786201,0.034807784084214956,0.6800104657247517,0.010400313971742514,9
Decolorization+of+azo+dyes+and+simulated+dye+bath+wastewater+using+acclimatized+microbial+consortium--biostimulation+and+halo+tolerance_,few_shot_vs_cot,0.9034718539979723,0.023675052233046424,0.7958459979736575,0.039734690917420636,9
Decolorization+of+different+textile+dyes+by+isolated+Aspergillus+niger_,baseline_vs_few_shot,0.9107138514518738,0.012728745019806163,0.6007396148630749,0.041518368440446235,9
Decolorization+of+different+textile+dyes+by+isolated+Aspergillus+niger_,baseline_vs_cot,0.9096656971507602,0.026062164098283467,0.4746470680694841,0.08274444265960716,9
Decolorization+of+different+textile+dyes+by+isolated+Aspergillus+niger_,few_shot_vs_cot,0.9080779287550185,0.026456233963720033,0.43690849553447586,0.07410476498255825,9
Decolorization+of+dye+by+wood+rotting+basidiomycete+fungi_,baseline_vs_few_shot,0.9023324847221375,0.043001981809547875,0.5985158278491453,0.079071809171935,9
Decolorization+of+dye+by+wood+rotting+basidiomycete+fungi_,baseline_vs_cot,0.9189157750871446,0.019994042561116903,0.5884085797129903,0.04866282151096535,9
Decolorization+of+dye+by+wood+rotting+basidiomycete+fungi_,few_shot_vs_cot,0.8781101173824735,0.05988032849781216,0.5695230344287242,0.03987113637263906,9
Decolorization+of+malachite+green+by+two+fungal+microorganisms_2008,baseline_vs_few_shot,0.9403663873672485,0.036984307291295024,0.6951159058182523,0.08757986609020145,9
Decolorization+of+malachite+green+by+two+fungal+microorganisms_2008,baseline_vs_cot,0.9094017810291715,0.011107494178801774,0.6624506004743572,0.08127803939528534,9
Decolorization+of+malachite+green+by+two+fungal+microorganisms_2008,few_shot_vs_cot,0.9312361147668626,0.016973443784506572,0.6973230539673652,0.07197252912765818,9
Decolorization+of+mixtures+of+different+reactive+textile+dyes+by+the+white-rot+basidiomycete+Phanerochaete+sordida+and+inhibitory+effect+of+polyvinyl+alcohol_,baseline_vs_few_shot,0.9552116062906053,0.01577082461202227,0.5766231728595286,0.05943300094473086,9
Decolorization+of+mixtures+of+different+reactive+textile+dyes+by+the+white-rot+basidiomycete+Phanerochaete+sordida+and+inhibitory+effect+of+polyvinyl+alcohol_,baseline_vs_cot,0.9541559550497267,0.01694732018290803,0.5878836614121966,0.035192988528870775,9
Decolorization+of+mixtures+of+different+reactive+textile+dyes+by+the+white-rot+basidiomycete+Phanerochaete+sordida+and+inhibitory+effect+of+polyvinyl+alcohol_,few_shot_vs_cot,0.9632387691073947,0.013762479623677094,0.6718586680467747,0.08550908419731655,9
Decolorization+of+molasses+and+a+dye+by+a+newly+isolated+strain+of+the+fungus+Geotrichum+candidum+Dec+1_,baseline_vs_few_shot,0.8901212414105734,0.03737937472152869,0.3899645774367111,0.047158473277880475,9
Decolorization+of+molasses+and+a+dye+by+a+newly+isolated+strain+of+the+fungus+Geotrichum+candidum+Dec+1_,baseline_vs_cot,0.9120353592766656,0.03222986125319936,0.4424266366059096,0.0720672112202634,9
Decolorization+of+molasses+and+a+dye+by+a+newly+isolated+strain+of+the+fungus+Geotrichum+candidum+Dec+1_,few_shot_vs_cot,0.9109905560811361,0.05910558706975519,0.5632051560841929,0.08174348837351082,9
Decolorization+of+polymeric+dyes+by+a+novel+Penicillium+isolate_,baseline_vs_few_shot,0.8997884657647874,0.018053276682603304,0.4960393896316634,0.07150037836955103,9
Decolorization+of+polymeric+dyes+by+a+novel+Penicillium+isolate_,baseline_vs_cot,0.888905922571818,0.02830869865038868,0.49771073833573837,0.060252990214682965,9
Decolorization+of+polymeric+dyes+by+a+novel+Penicillium+isolate_,few_shot_vs_cot,0.9212603833940294,0.04006597688301175,0.6761934048032743,0.026697153473685765,9
Decolorization+of+synthetic+dyes+by+laccase+immobilized+on+epoxy-activated+carriers_,baseline_vs_few_shot,0.9349059131410387,0.017223397962904917,0.6598610559513253,0.03007354511418891,9
Decolorization+of+synthetic+dyes+by+laccase+immobilized+on+epoxy-activated+carriers_,baseline_vs_cot,0.9412370655271742,0.01944460707499053,0.6849225340516443,0.05961643953741138,9
Decolorization+of+synthetic+dyes+by+laccase+immobilized+on+epoxy-activated+carriers_,few_shot_vs_cot,0.9464895261658562,0.005386192204727687,0.775700390076263,0.06021971890752945,9
Decolorization+of+synthetic+dyes+by+solid+state+culture+of+Lentinula+_28Lentinus_29+edodes+producing+manganese+peroxidase+as+the+main+lignolytic+enzyme_,baseline_vs_few_shot,0.8608172006077237,0.03652088034966704,0.6140640886170532,0.042760677120219436,9
Decolorization+of+synthetic+dyes+by+solid+state+culture+of+Lentinula+_28Lentinus_29+edodes+producing+manganese+peroxidase+as+the+main+lignolytic+enzyme_,baseline_vs_cot,0.8706447084744772,0.04583832399960557,0.6685616615640705,0.08784702645498638,9
Decolorization+of+synthetic+dyes+by+solid+state+culture+of+Lentinula+_28Lentinus_29+edodes+producing+manganese+peroxidase+as+the+main+lignolytic+enzyme_,few_shot_vs_cot,0.892227398024665,0.03568015920662139,0.6497171707231929,0.06309786610454517,9
Decolorization+of+synthetic+dyes+by+white-rot+fungi_2C+Enzyme+and..._,baseline_vs_few_shot,0.9070857299698724,0.043017802287726004,0.5438299390064778,0.12367740887652222,9
Decolorization+of+synthetic+dyes+by+white-rot+fungi_2C+Enzyme+and..._,baseline_vs_cot,0.9153128729926215,0.03123368584014198,0.5993811922603628,0.09567411897038137,9
Decolorization+of+synthetic+dyes+by+white-rot+fungi_2C+Enzyme+and..._,few_shot_vs_cot,0.9184438851144578,0.025012688575268723,0.6011389811569023,0.11081486033881845,9
Decolorization+of+synthetic+textile+dyes+by+Phlebia+tremellosa_,baseline_vs_few_shot,0.9238478077782525,0.03875209511158553,0.5681147159506927,0.09611273669240601,9
Decolorization+of+synthetic+textile+dyes+by+Phlebia+tremellosa_,baseline_vs_cot,0.8926715917057462,0.041391744918384044,0.5360248908334889,0.08192355473493956,9
Decolorization+of+synthetic+textile+dyes+by+Phlebia+tremellosa_,few_shot_vs_cot,0.9280078212420145,0.03099804057270587,0.6248950177313702,0.055085797757144075,9
Decolorization+of+textile+dyes+and+their+effluents+using+white+rot+fungi_,baseline_vs_few_shot,0.952262626753913,0.018696567819305444,0.7493269239870938,0.04151375932537619,9
Decolorization+of+textile+dyes+and+their+effluents+using+white+rot+fungi_,baseline_vs_cot,0.9559744993845621,0.03081643108710642,0.7643124750816507,0.06541306398264322,9
Decolorization+of+textile+dyes+and+their+effluents+using+white+rot+fungi_,few_shot_vs_cot,0.9515651398234897,0.019739786445811786,0.8019467623670155,0.06718853098400006,9
Decolorization+of+textile+dyes+by+Phanerochaete+chrysosporium+and+Pleurotus+sajorcaju_,baseline_vs_few_shot,0.934551027086046,0.01947268930025556,0.7089816304509118,0.04472409980639664,9
Decolorization+of+textile+dyes+by+Phanerochaete+chrysosporium+and+Pleurotus+sajorcaju_,baseline_vs_cot,0.9100627832942538,0.02957169221844994,0.7273474855161669,0.04630802215675695,9
Decolorization+of+textile+dyes+by+Phanerochaete+chrysosporium+and+Pleurotus+sajorcaju_,few_shot_vs_cot,0.9386380049917433,0.014627208088393283,0.8101919045315271,0.012250300871800618,9
Decolorization+of+textile+dyes+by+white+rot+fungi_,baseline_vs_few_shot,0.9054535958502028,0.03174558375241707,0.5285252130618548,0.08742167444307171,9
Decolorization+of+textile+dyes+by+white+rot+fungi_,baseline_vs_cot,0.8910334838761224,0.06790074727390208,0.48686833848787336,0.09096077172895907,9
Decolorization+of+textile+dyes+by+white+rot+fungi_,few_shot_vs_cot,0.9049755798445808,0.02496244570066578,0.52928113105698,0.0811671782183307,9
Decolorization+of+three+acid+dyes+by+enzymes+from+fungal+strains_,baseline_vs_few_shot,0.8700232638253106,0.03186652490907103,0.4977991864865641,0.05213021484674788,9
Decolorization+of+three+acid+dyes+by+enzymes+from+fungal+strains_,baseline_vs_cot,0.917099846733941,0.046619226962095445,0.5534596755918937,0.07408215891630728,9
Decolorization+of+three+acid+dyes+by+enzymes+from+fungal+strains_,few_shot_vs_cot,0.8686739338768853,0.025717732189222943,0.49248512895496027,0.05647181977833312,9
Decolorization+of+triphenylmethane+dyes+by+Kurthia+species_,baseline_vs_few_shot,0.8937835097312927,0.022493406949054183,0.4457992320531473,0.026554049635720018,9
Decolorization+of+triphenylmethane+dyes+by+Kurthia+species_,baseline_vs_cot,0.9295788341098361,0.035677381276743574,0.5858738382594453,0.08548142423299364,9
Decolorization+of+triphenylmethane+dyes+by+Kurthia+species_,few_shot_vs_cot,0.9244052569071451,0.024482922332732384,0.5404459480942813,0.03295635797399183,9
Decolorization+of+triphenylmethane+dyes+by+the+bird_27s+nest+fungus..._,baseline_vs_few_shot,0.907621893617842,0.031254783508875304,0.6248697432572156,0.0404447074135965,9
Decolorization+of+triphenylmethane+dyes+by+the+bird_27s+nest+fungus..._,baseline_vs_cot,0.9508942696783278,0.008306770140128759,0.6607330090140746,0.01741850979352092,9
Decolorization+of+triphenylmethane+dyes+by+the+bird_27s+nest+fungus..._,few_shot_vs_cot,0.9168152345551385,0.04244374361114374,0.6949892833462092,0.08589760593247328,9
Decolouration+of+textile+dyes+by+fungal+pellets_,baseline_vs_few_shot,0.9143826166788737,0.030204360571046845,0.6044398863648013,0.09495844493388672,9
Decolouration+of+textile+dyes+by+fungal+pellets_,baseline_vs_cot,0.9156834615601434,0.034390588000394184,0.6499023098963443,0.11227603965665856,9
Decolouration+of+textile+dyes+by+fungal+pellets_,few_shot_vs_cot,0.9179845187399123,0.03848132740993471,0.6397090587208331,0.1292030869215997,9
Decolourisation+and+detoxification+in+the+fungal+treatment+of+textile+wastewaters_,baseline_vs_few_shot,0.9042647282282511,0.015992761319340246,0.5573405149052847,0.05974259520504226,9
Decolourisation+and+detoxification+in+the+fungal+treatment+of+textile+wastewaters_,baseline_vs_cot,0.8841539820035299,0.02035969441539525,0.5349082774479097,0.07012166553494115,9
Decolourisation+and+detoxification+in+the+fungal+treatment+of+textile+wastewaters_,few_shot_vs_cot,0.9021117091178894,0.03617433831744021,0.511532004807226,0.13149800542980694,9
Decolourization+of+azo+dyes+and+a+dye+industry+effluent+by+white+rot+fungus+Thelephora+sp._,baseline_vs_few_shot,0.9273519979582893,0.02595512312778927,0.7300438000221497,0.05797814703568467,9
Decolourization+of+azo+dyes+and+a+dye+industry+effluent+by+white+rot+fungus+Thelephora+sp._,baseline_vs_cot,0.9594659871525235,0.02755496337671442,0.7973288205221203,0.058147435823885624,9
Decolourization+of+azo+dyes+and+a+dye+industry+effluent+by+white+rot+fungus+Thelephora+sp._,few_shot_vs_cot,0.9379889435238309,0.010549383519618658,0.7238271894688518,0.05067034861492425,9
Decolourization+of+synthetic+dyes+by+solid+state+cultures+of+Lentinula+_28Lentinus_29+edodes+producing+manganese+peroxidase+as+the+main+lignolytic+enzyme_,baseline_vs_few_shot,0.9182812770207723,0.03905441336138679,0.5899194676497748,0.07671030437365188,9
Decolourization+of+synthetic+dyes+by+solid+state+cultures+of+Lentinula+_28Lentinus_29+edodes+producing+manganese+peroxidase+as+the+main+lignolytic+enzyme_,baseline_vs_cot,0.9144895010524325,0.024049997867797494,0.5275077223527116,0.055460565543427265,9
Decolourization+of+synthetic+dyes+by+solid+state+cultures+of+Lentinula+_28Lentinus_29+edodes+producing+manganese+peroxidase+as+the+main+lignolytic+enzyme_,few_shot_vs_cot,0.9221939709451463,0.034409856340995436,0.578364876955616,0.04171304504586934,9
Decolourization+of+synthetic+dyes+using+rice+straw+attached+Pleurotus+ostreatus_,baseline_vs_few_shot,0.9091674817932976,0.04388546958536627,0.6422987173228039,0.06252154271362793,9
Decolourization+of+synthetic+dyes+using+rice+straw+attached+Pleurotus+ostreatus_,baseline_vs_cot,0.8872301313612196,0.022582681653882282,0.6648920816225605,0.0712826412704722,9
Decolourization+of+synthetic+dyes+using+rice+straw+attached+Pleurotus+ostreatus_,few_shot_vs_cot,0.9186505211724175,0.028823801042935814,0.7267686988192703,0.05715365485303092,9
Degradation+of+azo+dyes+by+environmental+microorganisms+and+helminths_,baseline_vs_cot,0.9325363967153761,0.02619996438649688,0.928724513987672,0.021598486745370786,9
Degradation+of+dyes+by+white+rot+fungi_,baseline_vs_few_shot,0.8777245283126831,0.041126258022981234,0.6215301984235477,0.055349352459220756,9
Degradation+of+dyes+by+white+rot+fungi_,baseline_vs_cot,0.85930820968416,0.0276488359761455,0.6944491240836403,0.03923657218698227,9
Degradation+of+dyes+by+white+rot+fungi_,few_shot_vs_cot,0.8878178000450134,0.058323908088347,0.7257905848654124,0.12614746099797505,9
Degradation+of+sulfonated+azo+dyes+and+sulfanilic+acid+by+Phanerochaete+chrysosporium+and+Streptomyces+chromofuscus_,baseline_vs_few_shot,0.8683013584878709,0.033343865152008954,0.39269857127693475,0.05156687778146954,9
Degradation+of+sulfonated+azo+dyes+and+sulfanilic+acid+by+Phanerochaete+chrysosporium+and+Streptomyces+chromofuscus_,baseline_vs_cot,0.8735159039497375,0.06824979147014514,0.4577588736466386,0.08915194821107364,9
Degradation+of+sulfonated+azo+dyes+and+sulfanilic+acid+by+Phanerochaete+chrysosporium+and+Streptomyces+chromofuscus_,few_shot_vs_cot,0.9011808898713853,0.03403279747467588,0.4156175444097515,0.06398482324565924,9
Development+of+a+Combined+Membrane-Ring+Sparger+for+Efficient+Gas+Utilization_,baseline_vs_few_shot,0.8999669684304131,0.04221794100106013,0.453948568794655,0.03608543056593623,9
Development+of+a+Combined+Membrane-Ring+Sparger+for+Efficient+Gas+Utilization_,baseline_vs_cot,0.9121930268075731,0.02568439280624151,0.40763510998732877,0.09028639996549298,9
Development+of+a+Combined+Membrane-Ring+Sparger+for+Efficient+Gas+Utilization_,few_shot_vs_cot,0.933707680967119,0.012191843233238233,0.4535927449886397,0.0446339215003543,9
Development+of+a+bioreactor+system+using+an+immobilized+white+rot+fungus+for+decolourization_2C+Part+II_3A+Continuous+decolourization+tests_,baseline_vs_few_shot,0.898374511135949,0.032886729519276355,0.4824748532444186,0.0754655435974309,9
Development+of+a+bioreactor+system+using+an+immobilized+white+rot+fungus+for+decolourization_2C+Part+II_3A+Continuous+decolourization+tests_,baseline_vs_cot,0.9226121703783671,0.030067723376308295,0.5597708854199004,0.0688334224478913,9
Development+of+a+bioreactor+system+using+an+immobilized+white+rot+fungus+for+decolourization_2C+Part+II_3A+Continuous+decolourization+tests_,few_shot_vs_cot,0.9056954185167948,0.02541387819321072,0.5390848547523093,0.043061912404024745,9
Dye+decolorization+and+detoxification+by+laccase+immobilized+on+porous+glass+beads_,baseline_vs_few_shot,0.9028544293509589,0.02828310299228361,0.5899157697089895,0.05053315489196968,9
Dye+decolorization+and+detoxification+by+laccase+immobilized+on+porous+glass+beads_,baseline_vs_cot,0.8793067733446757,0.03719498196869321,0.603330718236255,0.04150784321322305,9
Dye+decolorization+and+detoxification+by+laccase+immobilized+on+porous+glass+beads_,few_shot_vs_cot,0.9175184369087219,0.028005947976441833,0.6896331019510897,0.12195599363918282,9
Dye+removal+by+low+cost+adsorbents_3A+Hazelnut+shells+in+comparison+with+wood+sawdust_,baseline_vs_few_shot,0.9084132976002164,0.01621596924894512,0.5089534945264518,0.05315399714656206,9
Dye+removal+by+low+cost+adsorbents_3A+Hazelnut+shells+in+comparison+with+wood+sawdust_,baseline_vs_cot,0.9168093866772122,0.029013858620196824,0.5727370655020211,0.05686902267553067,9
Dye+removal+by+low+cost+adsorbents_3A+Hazelnut+shells+in+comparison+with+wood+sawdust_,few_shot_vs_cot,0.9093515011999342,0.03127903207305409,0.6804167852300306,0.117013276124352,9
Effect+of+Environmental+Condition+on+Biological+Decolorization+of+Textile+Dyestuff+by+C.+versicolor_,baseline_vs_few_shot,0.9029334783554077,0.02634919217406262,0.777177384585189,0.11651382627506186,9
Effect+of+Environmental+Condition+on+Biological+Decolorization+of+Textile+Dyestuff+by+C.+versicolor_,baseline_vs_cot,0.8940691351890564,0.024077815290482585,0.6750037283304282,0.15284745135500152,9
Effect+of+Environmental+Condition+on+Biological+Decolorization+of+Textile+Dyestuff+by+C.+versicolor_,few_shot_vs_cot,0.9363703727722168,0.021665117880776852,0.7637745006908181,0.13676266741358084,9
Effect+of+Glucose+Addition+on+Laccase+Production_,baseline_vs_few_shot,0.914401630560557,0.00610879122417928,0.4546752063389287,0.09168072040980178,9
Effect+of+Glucose+Addition+on+Laccase+Production_,baseline_vs_cot,0.8835269941223992,0.04860238121911481,0.491511040028066,0.09318816482749989,9
Effect+of+Glucose+Addition+on+Laccase+Production_,few_shot_vs_cot,0.9180513024330139,0.03641801963690426,0.44637238646600935,0.0752247304929327,9
Effect+of+Mechanical+Forces+on+Fungal+Morphology_,baseline_vs_few_shot,0.8503465784920586,0.03367820603548025,0.4360516511115019,0.06221091242598875,9
Effect+of+Mechanical+Forces+on+Fungal+Morphology_,baseline_vs_cot,0.8134537438551585,0.006797503422691987,0.35433752121933376,0.020247944999901707,6
Effect+of+Mechanical+Forces+on+Fungal+Morphology_,few_shot_vs_cot,0.8398989339669546,0.06857352023464024,0.41244145416148914,0.024356308317433455,6
Effects+of+Mn2_2B+and+NH4_2B+concentrations+on+laccase+and+manganese+peroxidase+production+and+amaranth+decoloration+by+Trametes+versicolor_,baseline_vs_few_shot,0.9208933379915025,0.030739681677213568,0.49861369916467013,0.04345983119394716,9
Effects+of+Mn2_2B+and+NH4_2B+concentrations+on+laccase+and+manganese+peroxidase+production+and+amaranth+decoloration+by+Trametes+versicolor_,baseline_vs_cot,0.9229216244485643,0.03390037474617816,0.5001637026025652,0.039523278162284584,9
Effects+of+Mn2_2B+and+NH4_2B+concentrations+on+laccase+and+manganese+peroxidase+production+and+amaranth+decoloration+by+Trametes+versicolor_,few_shot_vs_cot,0.9449958668814765,0.013493728671475528,0.566026427363976,0.04644776158554719,9
Enhancement+of+Laccase+Production+in+Trametes+pubescens_,baseline_vs_few_shot,0.8929009437561035,0.04072702008187302,0.5020208942439317,0.05297612872543808,9
Enhancement+of+Laccase+Production+in+Trametes+pubescens_,baseline_vs_cot,0.894026690059238,0.023699054978114736,0.5075606655182318,0.04691039178904069,9
Enhancement+of+Laccase+Production+in+Trametes+pubescens_,few_shot_vs_cot,0.9374542567465041,0.021079295921121306,0.579761434467874,0.06671074365453533,9
Evaluation+of+Argentinean+white+rot+fungi+for+their+ability+to+produce+lignin-modifying+enzymes+and+decolourise+industrial+dyes_,baseline_vs_few_shot,0.9033055570390489,0.03327904505608516,0.6266215438407097,0.06515939780961075,9
Evaluation+of+Argentinean+white+rot+fungi+for+their+ability+to+produce+lignin-modifying+enzymes+and+decolourise+industrial+dyes_,baseline_vs_cot,0.9344631301032172,0.01564541056449822,0.7770272200041591,0.0497185800957115,9
Evaluation+of+Argentinean+white+rot+fungi+for+their+ability+to+produce+lignin-modifying+enzymes+and+decolourise+industrial+dyes_,few_shot_vs_cot,0.9354761905140347,0.04370695264742736,0.7427763696394927,0.08757213127800728,9
Fed-batch+decolourisation+of+poly+R+478+by+Trametes+versicolor_,baseline_vs_few_shot,0.881343682607015,0.04747144182075488,0.41031418993959135,0.04871080021108159,9
Fed-batch+decolourisation+of+poly+R+478+by+Trametes+versicolor_,baseline_vs_cot,0.8544913861486647,0.03909494885570334,0.432013543504386,0.08066042507677752,9
Fed-batch+decolourisation+of+poly+R+478+by+Trametes+versicolor_,few_shot_vs_cot,0.8769101632965935,0.0355647561518976,0.4321939074439585,0.04413246137481519,9
Fungal+dye+decolourization_3A+Recent+advances+and+future+potential_,baseline_vs_few_shot,0.9267189171579149,0.056623564273259895,0.7541008111287024,0.10437129146843821,9
Fungal+dye+decolourization_3A+Recent+advances+and+future+potential_,baseline_vs_cot,0.9040224684609307,0.031247228722817398,0.7794188740407686,0.04609415811333207,9
Fungal+dye+decolourization_3A+Recent+advances+and+future+potential_,few_shot_vs_cot,0.9115974505742391,0.01472313618959287,0.7651139571432535,0.054202970000343985,9
HPLC+and+spectrophotometric+analysis+of+biodegradation+of+azo+dyes+by+Pleurotus+ostreatus_,baseline_vs_few_shot,0.8633719881375631,0.059642098187430326,0.41459807725145087,0.08846833393448413,9
HPLC+and+spectrophotometric+analysis+of+biodegradation+of+azo+dyes+by+Pleurotus+ostreatus_,baseline_vs_cot,0.8461966183450487,0.04417469952077716,0.5203863889414401,0.0820470018407928,9
HPLC+and+spectrophotometric+analysis+of+biodegradation+of+azo+dyes+by+Pleurotus+ostreatus_,few_shot_vs_cot,0.8705629441473219,0.047414883854755785,0.5273413551950858,0.09873820179413016,9
Induction+of+Laccase+Production+by+T.+pubescens+with+Phenolic+Effluent_,baseline_vs_few_shot,0.8543476329909431,0.030082587515618448,0.51507217810124,0.04806892980378798,9
Induction+of+Laccase+Production+by+T.+pubescens+with+Phenolic+Effluent_,baseline_vs_cot,0.8874813914299011,0.039712890625769284,0.5327977298797748,0.048788390969963645,9
Induction+of+Laccase+Production+by+T.+pubescens+with+Phenolic+Effluent_,few_shot_vs_cot,0.8862691521644592,0.04212027978146175,0.536341839360252,0.03881565276211583,9
Induction+of+Laccase+Production+by+T.+pubescens_,baseline_vs_few_shot,0.9105982316864861,0.03460051156086971,0.5833397655183555,0.09027006830098167,9
Induction+of+Laccase+Production+by+T.+pubescens_,baseline_vs_cot,0.8853407568401761,0.03254543912736387,0.5340629608958721,0.06020709934959637,9
Induction+of+Laccase+Production+by+T.+pubescens_,few_shot_vs_cot,0.9082265893618265,0.027262202236526558,0.5206124349487461,0.05477240081611923,9
Induction+of+ligninolytic+enzyme+production+by+Dichomitus+squalens+on+various+types+of+immobilization+support_,baseline_vs_few_shot,0.932888925075531,0.01760761982370512,0.6006675628541421,0.05090386120431582,9
Induction+of+ligninolytic+enzyme+production+by+Dichomitus+squalens+on+various+types+of+immobilization+support_,baseline_vs_cot,0.9226479729016622,0.01902544924082312,0.6314791166965079,0.07745396889133466,9
Induction+of+ligninolytic+enzyme+production+by+Dichomitus+squalens+on+various+types+of+immobilization+support_,few_shot_vs_cot,0.9095221824116178,0.01444409809377082,0.659073035591816,0.054773440174703425,9
Inhibition+of+laccase+activity+from+Trametes+versicolor+by+heavy+metals+and+organic+comp.._,baseline_vs_few_shot,0.8200588822364807,0.062315033600639474,0.38229325215626586,0.053463959606288344,3
Inhibition+of+laccase+activity+from+Trametes+versicolor+by+heavy+metals+and+organic+comp.._,baseline_vs_cot,0.8400697774357266,0.059014723229972345,0.356219203938177,0.06473961449529501,9
Inhibition+of+laccase+activity+from+Trametes+versicolor+by+heavy+metals+and+organic+comp.._,few_shot_vs_cot,0.8816542228062948,0.03924267444666243,0.41330950833874813,0.0769569719954939,3
Investigation+on+the+biodegradation+of+polyesters+by+isolated+mesophilic+microbes_,baseline_vs_few_shot,0.8946150739987692,0.03287936770434844,0.43276434775925887,0.049180533337667344,9
Investigation+on+the+biodegradation+of+polyesters+by+isolated+mesophilic+microbes_,baseline_vs_cot,0.8991261919339498,0.023091161161011585,0.39595479690132424,0.0715633531418189,9
Investigation+on+the+biodegradation+of+polyesters+by+isolated+mesophilic+microbes_,few_shot_vs_cot,0.9205994208653768,0.017481152304143235,0.45391101294631575,0.06404135943620305,9
Kinetics+of+Oxygen+Utilization+in+Bioreactors_,baseline_vs_few_shot,0.9273908933003744,0.025444799222366966,0.4434210061049102,0.04856753573222271,9
Kinetics+of+Oxygen+Utilization+in+Bioreactors_,baseline_vs_cot,0.9192311631308662,0.025768528644655002,0.49933583161647566,0.08022821549593158,9
Kinetics+of+Oxygen+Utilization+in+Bioreactors_,few_shot_vs_cot,0.9151584439807467,0.02868684945922448,0.443391128233594,0.06131480962619481,9
Kinetics+of+wheat+straw+solid-state+fermentation+with+Trametes+versicolor+and+Pleurotus+ostreatus_3A+lignin+and+polysaccharide+alteration+of+related+enzymatic+activities_,baseline_vs_few_shot,0.9196404880947537,0.01951542551541919,0.7080274574312907,0.08689553191557768,9
Kinetics+of+wheat+straw+solid-state+fermentation+with+Trametes+versicolor+and+Pleurotus+ostreatus_3A+lignin+and+polysaccharide+alteration+of+related+enzymatic+activities_,baseline_vs_cot,0.9357856512069702,0.01624277442041949,0.6905586253315297,0.029859233868105867,9
Kinetics+of+wheat+straw+solid-state+fermentation+with+Trametes+versicolor+and+Pleurotus+ostreatus_3A+lignin+and+polysaccharide+alteration+of+related+enzymatic+activities_,few_shot_vs_cot,0.9241562618149651,0.013728043575939642,0.7837661147602667,0.12428181170762566,9
Lignin-degrading+enzymes+of+the+commercial+button+mushroom_2C+Agaricus+bisporus_,baseline_vs_few_shot,0.9086244967248704,0.04597875489535986,0.7148547489338698,0.050073560368042634,9
Lignin-degrading+enzymes+of+the+commercial+button+mushroom_2C+Agaricus+bisporus_,baseline_vs_cot,0.9046354293823242,0.04463047142044874,0.6904078377762589,0.021461151371609807,3
Lignin-degrading+enzymes+of+the+commercial+button+mushroom_2C+Agaricus+bisporus_,few_shot_vs_cot,0.9688651363054911,0.006026483107520867,0.8443807965084561,0.048427498029408086,3
Ligninolytic+ability+and+potential+biotechnology+application+of+the+South+American+fungus+Pleurotus+laciniatocrenatus_,baseline_vs_few_shot,0.9685875177383423,0.018745683348008926,0.6321498327096455,0.07812174772959758,9
Ligninolytic+ability+and+potential+biotechnology+application+of+the+South+American+fungus+Pleurotus+laciniatocrenatus_,baseline_vs_cot,0.9778200520409478,0.0044242118003508055,0.7333663101100814,0.13934113153227656,9
Ligninolytic+ability+and+potential+biotechnology+application+of+the+South+American+fungus+Pleurotus+laciniatocrenatus_,few_shot_vs_cot,0.9677819278505113,0.00988437528544085,0.6898428731762065,0.06023154182343861,9
Malignant+transformation+by+malachite+green_,baseline_vs_few_shot,0.9302134911219279,0.021049037269945482,0.46336502382568373,0.06240120138118402,9
Malignant+transformation+by+malachite+green_,baseline_vs_cot,0.9285042815738254,0.025864929055772586,0.4706181421258362,0.06349209270877036,9
Malignant+transformation+by+malachite+green_,few_shot_vs_cot,0.9289814896053739,0.027916706984106157,0.45466688541128364,0.03199292670057673,9
Microbial+decolorization+of+azo+dyes+and+a+dye+industry+effluent+by+Fomes+lividus_,baseline_vs_few_shot,0.9431954887178209,0.014617885743916136,0.7864458461406256,0.03219913225386524,9
Microbial+decolorization+of+azo+dyes+and+a+dye+industry+effluent+by+Fomes+lividus_,baseline_vs_cot,0.9034229980574714,0.011307757803737651,0.7226226905507753,0.05305822399520105,9
Microbial+decolorization+of+azo+dyes+and+a+dye+industry+effluent+by+Fomes+lividus_,few_shot_vs_cot,0.9281033807330661,0.012164211411565578,0.7799761297970167,0.06442079161120771,9
Phenolic+azo+dye+oxidation+by+laccase+from+Pyriculariaoryzae_,baseline_vs_few_shot,0.9007720881038241,0.031152342166350214,0.43965033494840616,0.06504128025557679,9
Phenolic+azo+dye+oxidation+by+laccase+from+Pyriculariaoryzae_,baseline_vs_cot,0.8717415200339423,0.0659739157645972,0.43149296482183847,0.0753081702455085,9
Phenolic+azo+dye+oxidation+by+laccase+from+Pyriculariaoryzae_,few_shot_vs_cot,0.9002053605185615,0.03928581094102125,0.4365108228647363,0.06331636317707352,9
Reductive+decolorization+of+indigo+carmine+dye+with+Bacillus+sp.+MZS10_2015,baseline_vs_few_shot,0.869810163974762,0.04578184571167594,0.5310781573567596,0.08248453542489308,9
Reductive+decolorization+of+indigo+carmine+dye+with+Bacillus+sp.+MZS10_2015,baseline_vs_cot,0.8571262425846524,0.05167807415227836,0.5876699354414199,0.11716139654204442,9
Reductive+decolorization+of+indigo+carmine+dye+with+Bacillus+sp.+MZS10_2015,few_shot_vs_cot,0.9250957369804382,0.02570628553037691,0.6018249597693779,0.08012201307892622,9
Removal+of+Congo+red+from+an+aqueous+solution+by+fungus+Aspergillus+niger_,baseline_vs_few_shot,0.8791728814442953,0.02915556883199184,0.5619698356875148,0.07250451114665937,9
Removal+of+Congo+red+from+an+aqueous+solution+by+fungus+Aspergillus+niger_,baseline_vs_cot,0.9258575836817423,0.025586540661123383,0.721250850504497,0.05328131483589898,9
Removal+of+Congo+red+from+an+aqueous+solution+by+fungus+Aspergillus+niger_,few_shot_vs_cot,0.8936189413070679,0.02148621695784552,0.59773250583353,0.07121819437844706,9
Removal+of+humic+acid+fraction+by+Rhizopus+arrhizus_3A+uptake+and+kinetic+studies_,baseline_vs_few_shot,0.9493121438556247,0.027732610585160664,0.5779610906284911,0.04101683120843844,9
Removal+of+humic+acid+fraction+by+Rhizopus+arrhizus_3A+uptake+and+kinetic+studies_,baseline_vs_cot,0.9396030373043485,0.02028700975099043,0.5936567372464385,0.06620365710270852,9
Removal+of+humic+acid+fraction+by+Rhizopus+arrhizus_3A+uptake+and+kinetic+studies_,few_shot_vs_cot,0.9565597110324435,0.013063929365660604,0.6616324768449121,0.07763707045445631,9
Role+of+brown-rot+fungi+in+the+bioremoval+of+azo+dyes+under+different+conditions_,baseline_vs_few_shot,0.9441675278875563,0.01491547316468382,0.6572273512233052,0.11959799376538133,9
Role+of+brown-rot+fungi+in+the+bioremoval+of+azo+dyes+under+different+conditions_,baseline_vs_cot,0.9415470560391744,0.013875861119827772,0.7724770783741137,0.07370696990059765,9
Role+of+brown-rot+fungi+in+the+bioremoval+of+azo+dyes+under+different+conditions_,few_shot_vs_cot,0.9230135215653313,0.027269603425672355,0.6558442628281613,0.12005379375008746,9
Screening+of+novel+laccase+producers-isolation+and+characterization+of+cold-adapted+laccase+from+Kabatiella+bupleuri+G3+capable+of+synthetic+dye+decolorization_,baseline_vs_few_shot,0.9036892255147299,0.026377308703579152,0.7355725722639074,0.049404102436987375,9
Screening+of+novel+laccase+producers-isolation+and+characterization+of+cold-adapted+laccase+from+Kabatiella+bupleuri+G3+capable+of+synthetic+dye+decolorization_,baseline_vs_cot,0.9132424261834886,0.025381165612833562,0.7588091013228518,0.036227847545879974,9
Screening+of+novel+laccase+producers-isolation+and+characterization+of+cold-adapted+laccase+from+Kabatiella+bupleuri+G3+capable+of+synthetic+dye+decolorization_,few_shot_vs_cot,0.965498858027988,0.01900205771677998,0.8960816918843011,0.05472659044386457,9
Screening+of+white+rot+fungi+for+the+treatment+of+olive+mill+wastewaters_,baseline_vs_few_shot,0.79828984869851,0.05457367977021597,0.393676913916285,0.07403849066371902,9
Screening+of+white+rot+fungi+for+the+treatment+of+olive+mill+wastewaters_,baseline_vs_cot,0.8885417282581329,0.014361874969243104,0.560935171409526,0.11086614962322257,6
Screening+of+white+rot+fungi+for+the+treatment+of+olive+mill+wastewaters_,few_shot_vs_cot,0.8093153536319733,0.03299936679068671,0.4766786389821069,0.0683322748349369,6
Strategy+for+dye+adsorption+and+microbial+treatment_,baseline_vs_few_shot,0.8289521932601929,0.008112024950011253,0.4855977355977356,0.050132243480804445,3
Strategy+for+dye+adsorption+and+microbial+treatment_,baseline_vs_cot,0.8991345167160034,0.043861968943943744,0.5617581959107817,0.08357726472788735,6
Strategy+for+dye+adsorption+and+microbial+treatment_,few_shot_vs_cot,0.8636815547943115,0.008367160953776726,0.5035479983933592,0.11436403690900378,2
The+potential+for+white+rot+fungi+in+the+treatment+of+pollutants_,baseline_vs_few_shot,0.8434756596883138,0.05553939791538699,0.31205700420700105,0.045306865371694774,3
The+potential+for+white+rot+fungi+in+the+treatment+of+pollutants_,baseline_vs_cot,0.7997525069448683,0.04698221138773288,0.29208523962108274,0.05132157456505797,9
The+potential+for+white+rot+fungi+in+the+treatment+of+pollutants_,few_shot_vs_cot,0.9031419157981873,0.001846484827154422,0.2627176985414534,0.019481026952924165,3
The+role+of+Mn-dependent+peroxidase+in+dye+decolorization+by+Irpex+lacteus_,baseline_vs_few_shot,0.9129887753062778,0.020112950739102978,0.5534353625751475,0.044796298895831484,9
The+role+of+Mn-dependent+peroxidase+in+dye+decolorization+by+Irpex+lacteus_,baseline_vs_cot,0.905029661125607,0.019211731997211406,0.6328295481202796,0.03475829647802742,9
The+role+of+Mn-dependent+peroxidase+in+dye+decolorization+by+Irpex+lacteus_,few_shot_vs_cot,0.9143661790423923,0.021514306347233253,0.6742069032221871,0.09000225884184587,9
The+role+of+Mn-dependent+peroxidase+in+dye+decolorization+by+static..._,baseline_vs_few_shot,0.9449379510349698,0.012098539733850402,0.4833222456173275,0.04356791221427526,9
The+role+of+Mn-dependent+peroxidase+in+dye+decolorization+by+static..._,baseline_vs_cot,0.9053286049101088,0.02387064461969592,0.49900387724083256,0.05047526117944921,9
The+role+of+Mn-dependent+peroxidase+in+dye+decolorization+by+static..._,few_shot_vs_cot,0.9312918716006808,0.01328143168906233,0.5199884115930997,0.06881653114407542,9
Transformation+of+Indigo+carmine+by+Phanerochaete+chrysosporium+ligninolytic+enzymes_,baseline_vs_few_shot,0.914729482597775,0.032675199351424725,0.7259703755935569,0.11923670744121542,9
Transformation+of+Indigo+carmine+by+Phanerochaete+chrysosporium+ligninolytic+enzymes_,baseline_vs_cot,0.9387925929493375,0.017271159606359828,0.6949935301418022,0.11083597266286946,9
Transformation+of+Indigo+carmine+by+Phanerochaete+chrysosporium+ligninolytic+enzymes_,few_shot_vs_cot,0.9364881979094611,0.013079122695083326,0.7264252137530058,0.10715056807527702,9
Transformation+of+industrial+dyes+by+manganese+peroxidases+from+Bjerkandera+adusta_,baseline_vs_few_shot,0.9234684639506869,0.034640273627482475,0.6654089531064152,0.08606507078746603,9
Transformation+of+industrial+dyes+by+manganese+peroxidases+from+Bjerkandera+adusta_,baseline_vs_cot,0.9208349850442674,0.03488705899834934,0.6528680851316092,0.08847161658990739,9
Transformation+of+industrial+dyes+by+manganese+peroxidases+from+Bjerkandera+adusta_,few_shot_vs_cot,0.9649624162250094,0.009503217283179417,0.7339885347905398,0.08557716407026608,9
Trichoderma+asperellum+laccase+mediated+crystal+violet+degradation-Optimization+of+experimental+conditions+and+characterization_,baseline_vs_few_shot,0.9411654273668925,0.019460565747552692,0.6740551874800972,0.04541914749362823,9
Trichoderma+asperellum+laccase+mediated+crystal+violet+degradation-Optimization+of+experimental+conditions+and+characterization_,baseline_vs_cot,0.938891073067983,0.01891749284037969,0.6569352562653283,0.05706132068733405,9
Trichoderma+asperellum+laccase+mediated+crystal+violet+degradation-Optimization+of+experimental+conditions+and+characterization_,few_shot_vs_cot,0.9611697660552131,0.018517372850194325,0.8176642328603112,0.059568154501754574,9
White+rot+fungi_3A+an+ingenious+army+for+environmental+protection_,baseline_vs_few_shot,0.9387542804082235,0.013019055529785245,0.53279927150846,0.03618294516386143,9
White+rot+fungi_3A+an+ingenious+army+for+environmental+protection_,baseline_vs_cot,0.9421785606278313,0.011609294684877217,0.5307624334012055,0.0411214336986461,9
White+rot+fungi_3A+an+ingenious+army+for+environmental+protection_,few_shot_vs_cot,0.9365185697873434,0.014819050889548813,0.6144053048688147,0.03869846138118591,9
mp-2,baseline_vs_few_shot,0.9178688327471415,0.025310911490573736,0.800147529460957,0.06967872117258112,9
mp-2,baseline_vs_cot,0.9008792572551303,0.038526513911786256,0.7522662922454328,0.0642546578891735,9
mp-2,few_shot_vs_cot,0.9129297600852119,0.043405136753296415,0.8401204604224942,0.049299139142035375,9
